<?xml version="1.0" encoding="UTF-8"?>
<project-private xmlns="http://www.netbeans.org/ns/project-private/1">
    <editor-bookmarks xmlns="http://www.netbeans.org/ns/editor-bookmarks/2" lastBookmarkId="0"/>
    <open-files xmlns="http://www.netbeans.org/ns/projectui-open-files/2">
        <group>
            <file>file:/C:/Users/lab_services_student/Desktop/Hospitalmanagementsystem/src/hospitalmanagementsystem/HospitalManagement.java</file>
            <file>file:/C:/Users/lab_services_student/Desktop/Hospitalmanagementsystem/src/hospitalmanagementsystem/HospitalStaff.java</file>
            <file>file:/C:/Users/lab_services_student/Desktop/Hospitalmanagementsystem/src/hospitalmanagementsystem/Patient.java</file>
            <file>file:/C:/Users/lab_services_student/Desktop/Hospitalmanagementsystem/src/hospitalmanagementsystem/Person.java</file>
            <file>file:/C:/Users/lab_services_student/Desktop/Hospitalmanagementsystem/src/hospitalmanagementsystem/Doctor.java</file>
        </group>
    </open-files>
</project-private>
